{"PLAUR": "ITGB3", "CASP8AP2": "NFKB1", "RABGGTA": "RAB3A", "EP300": "VEGFA", "ERO1A": "ERP44", "HMGN1": "KAT2B", "LATS2": "SNAI1", "HSP90AA1": "SRC", "TOPBP1": "POLA1", "PDGFRB": "PTK2", "TGFB1": "PIK3R1", "REST": "TH", "MLH1": "PMS2", "FADD": "CASP8", "PPARG": "VLDLR", "FKBP5": "NR3C1", "RAD50": "BRCA1", "KRT18": "TRADD", "JUNB": "BCL2L1", "ATRIP": "BRCA1", "CASP10": "RIPK1", "AGT": "REN", "MAPK14": "RARA", "FYN": "SDC4", "PTEN": "SHC1", "SIAH1": "CTNNB1", "RELA": "YY1", "PIDD1": "CASP2", "SMAD3": "CCND2", "TNFRSF10A": "TRADD", "MAPK9": "NFATC4", "HMGA1": "CDC25A", "VHL": "TFRC", "WNT4": "LRP5", "BCL3": "EGFR", "JUND": "MYB", "TCF3": "POU5F1", "PTTG1": "ESPL1", "TSC2": "TSC1", "POU2F1": "TWIST1", "FGFR3": "STAT1", "AR": "XIAP", "MAP3K5": "MAP2K3", "CDC20": "UBE2S", "NR1H2": "PPARG", "RUNX3": "WNT4", "CEBPA": "SPI1", "MAPK3": "ZFP36", "NR4A1": "CDKN1B", "HIPK2": "VIM", "PTPA": "AKT3", "VEGFB": "KDR", "MEF2D": "JUN", "DDX17": "ESR1", "TNFRSF10B": "TRADD", "IRF2": "TAP1", "ATR": "SP1", "CREB1": "UXT", "SMAD2": "DAPK1", "MDM2": "DNMT3A", "SOX9": "HES1", "E2F3": "AURKA", "MEF2C": "NR4A1", "ERN1": "MAPK8", "BIRC5": "CASP9", "DDR1": "SHC1", "TCF7L2": "HECA", "DDIT3": "SIRT1", "ITGB1": "CSK", "TP63": "VDR", "E2F7": "SP1", "TNFRSF21": "TRADD", "INSR": "STAT5A", "BRCA1": "MAD2L1", "DNMT1": "VEGFA", "TNFRSF1A": "CASP8", "RB1": "EBNA1BP2", "VDR": "TNFRSF21", "BAD": "TP53", "SMAD4": "DAPK1", "TP73": "PMAIP1", "KEAP1": "RAC1", "GADD45A": "MAPK14", "CTNNB1": "FOXO4", "PIK3CG": "RAC1", "CRKL": "BCAR1", "ARNT": "FOS", "PRKAB1": "NOS3", "SFN": "SNAI1", "IGF1R": "PDPK1", "BID": "BCL2L1", "NR1H4": "VEGFA", "CFLAR": "FADD", "TWIST1": "NF1", "E2F4": "PLK1", "RAC1": "MAPK9", "RBL2": "RAD51", "BCL6": "NFKB1", "MYC": "UBE2C", "DAXX": "TGFBR2", "PMAIP1": "BAX", "MYB": "TK1", "PCNA": "CDT1", "CDKN2A": "CDK2", "NFKB2": "RELB", "TP53INP1": "MAP1LC3A", "CEBPD": "SOD1", "RXRG": "VDR", "ATF2": "RELA", "RXRA": "CPT1B", "RARB": "RXRG", "NCOA2": "NR3C1", "PTK2": "RAC1", "PDPK1": "ITGB1", "PMS2": "TP73", "PARP1": "XRCC1", "CAV1": "HMGA1", "WEE1": "CDK2", "ESR1": "NME1", "MITF": "HIF1A", "KLF1": "FLI1", "MUC1": "MAPK8", "EGLN3": "BCL2L11", "ZBTB16": "SOX9", "KAT2B": "CDKN1B", "SHC1": "FOXO3", "HNF4A": "LDLR", "PAX5": "TP53", "RUNX1": "VEGFA", "SMAD7": "MET", "STAT3": "NME1", "PPM1A": "BAD", "HSP90AB1": "APAF1", "PDK2": "AKT3", "TCF4": "VIM", "NRAS": "PIK3CG", "APAF1": "CASP9", "CHEK1": "FANCL", "STAT1": "CFTR", "PPP1CA": "MDM2", "GATA4": "CCND2", "EGLN1": "HIF1A", "TGFBR2": "PIK3R1", "BRIP1": "BRCA1", "IFI16": "MYC", "SF1": "FUS", "FOXO1": "FABP4", "PTK7": "CTNNB1", "NR3C1": "RPS6KA3", "ADAM9": "ITGA6", "CDK3": "LIN9", "BIRC3": "RIPK1", "SDC4": "RAC1", "LCK": "NFKBIA", "CCND1": "CDK4", "STAT6": "FOS", "EPHA2": "SHC1", "NFYA": "CDKN1B", "IRF7": "ATF4", "HIF1A": "ZNF217", "BAK1": "BAD", "AKT3": "BAD", "FGFR1": "AMOTL2", "TRADD": "FADD", "LMTK2": "PPP1CA", "ATF3": "LDLR", "WRN": "POLD4", "ID2": "SNAI1", "NAB2": "RBL2", "BAX": "BAD", "ENO1": "MYC", "EGR1": "WNT4", "PIK3R1": "RAC1", "PERP": "NFKB1", "TDG": "CREBBP", "NR1H3": "PPARA", "DDB1": "E2F1", "CASP1": "AR", "MSH2": "BLM", "KMT5A": "TP53", "CDH2": "CTNNB1", "PIAS3": "MUC1", "VEGFA": "EGFR", "PITX1": "RUNX2", "FUS": "MDM2", "NCOA1": "CDKN1A", "SIVA1": "BCL2L1", "SOD1": "EIF2AK3", "JUN": "NEFL", "IER3": "PPP2R5C", "XBP1": "HSPA5", "REN": "AGT", "XPO1": "SMAD4", "NFE2L2": "CFTR", "CCND3": "CCNE1", "IL6ST": "SHC1", "EWSR1": "TGFBR2", "FGFR4": "STAT3", "RUNX2": "NOTCH1", "XPC": "SMARCA4", "CDKN1A": "FEN1", "FBXW7": "TP63", "TP53": "VEGFA", "UHRF1": "TOP2A", "FOS": "SRR", "ITGB3": "PTK2", "CD2AP": "ACTB", "SETD2": "STAT1", "ETS1": "TGFBR2", "PPARA": "NFKBIA", "STAT5A": "BCL6", "EIF2AK3": "APAF1", "IRF4": "IRF3", "PML": "CASP3", "ERBB3": "PIK3CG", "FOXO3": "CDKN1B", "BCL2": "XRCC6", "CDK20": "CDK2", "SMAD1": "SMAD4", "CEBPB": "XBP1", "CHUK": "NCOR2", "TGFBR1": "SMAD1", "CASP2": "RIPK1", "NR0B1": "NR1H4", "FLI1": "TGFBR2", "PRKDC": "MDM2", "ID3": "TCF3", "CRK": "MAPK8", "RECQL4": "FEN1", "EAPP": "CDKN2A", "CASP6": "HIPK2", "EZH2": "MST1", "BRCA2": "POLH", "ACTB": "CTTN", "MEF2A": "JUN", "FAS": "CASP8AP2", "GDF15": "ERBB2", "ABL1": "PLK1", "AKT1": "TWIST1", "OS9": "EGLN3", "APEX1": "RELA", "AHR": "PCNA", "PPP2R2A": "WEE1", "SNAI1": "VDR", "CHEK2": "XRCC1", "DDX5": "AR", "HRAS": "SDC2", "SKP2": "CDKN1B", "STAT2": "IRF9", "ID1": "AKT1", "STIM1": "TRPC1", "BNIP3": "BCL2", "FURIN": "INSR", "SP1": "KIF2C", "RASSF1": "CCND1", "COP1": "CEBPB", "APC": "ODC1", "MAPK8": "NFATC4", "MIF": "SOD1", "KPNA2": "IRF3", "BCL2L1": "VDAC1", "DDB2": "BCL2", "HES1": "PTEN", "HINFP": "PRKDC", "BCAR1": "PIK3R1", "NFKB1": "CTCF", "ERBB2": "PLCG1", "E2F1": "WWOX", "MAPK1": "RARA", "SRC": "SDC2", "MCL1": "BAK1", "NCOA3": "BCL2", "ATF4": "SIRT1", "PSIP1": "CRYAB", "FOXM1": "BMI1", "RIPK1": "FAS", "ARID3A": "PML", "NFKBIB": "NFKB1", "MAPKAPK5": "TH", "ETV6": "CDKN1A", "MYLK": "CALD1", "RARA": "CDKN1A", "IKBKB": "BAD", "DAPK1": "MAPK6", "RPS6KA4": "RELA", "PTPRR": "PXN", "GTF2I": "SIRT1", "PTPN6": "STAT5A", "PPP1R9B": "ARHGEF2", "NCOR2": "PPARG", "MAP2K3": "MAPK14", "RAF1": "MAP3K5", "STK11": "PAK1", "DUSP16": "MAPK10", "RPS6KA5": "PLA2G4A", "CASP8": "PSEN1", "PRKACA": "ITGB1", "ETV3": "RELA", "NR4A2": "NR3C1", "CREBBP": "IRF9", "BCL2L11": "BAX", "CDKN1B": "CCND3", "CTTN": "ACTB", "NOXA1": "BCL2", "MAPK7": "MYC", "MAP2K4": "RXRA", "MAPKAPK2": "TSC2", "KHDRBS1": "CREBBP", "MAP3K2": "MAPK1", "NFKBIA": "NFKB1", "RPS6KA2": "NFATC4", "GSK3B": "RBM38", "EIF4EBP1": "RPTOR", "CAPN1": "PTPN6", "BMF": "BCL2", "PAK1": "BRAF", "TP53BP2": "TP53", "SP3": "RELA", "ZFP36": "HIF1A", "MAP2K5": "MAPK7", "POU5F1": "CDKN1A", "CASP9": "VIM", "PPP2R5C": "RPS6KB1", "MAP2K1": "IRS1", "GATA2": "AR", "RPS6KB1": "CAD", "MAPK6": "NCOA3", "RPS6KA3": "FOS", "BRAF": "MAP2K1", "PGR": "E2F1", "MAPK12": "MAPT", "RPS6KA1": "SLC9A1", "ROCK1": "MAPK8", "NCOA6": "FOS", "MAP2K7": "IRS1", "MAPK10": "NR3C1", "EIF2AK2": "NFKBIA", "CAPN2": "GSK3B", "ARRB1": "PDE4D", "CSNK2A1": "AMPH", "MKNK1": "PLA2G4A", "FOXO4": "CREB1", "PSEN1": "CTNNB1", "TAF1": "AR", "NOS1": "HDAC2", "UBE2N": "PCNA", "SMARCA4": "FOS", "ATF1": "SLC20A1", "HSPB1": "AR", "PPP2CA": "SP1", "SMAD6": "SMAD3", "MTA3": "SNAI1", "CDC25A": "RAF1", "MSH6": "BLM", "MAX": "ODC1", "TFAP4": "MDM2", "RYBP": "ABL1", "UIMC1": "MDM2", "PLK1": "TP73", "PPM1D": "ATM", "SIRT1": "XPC", "TFDP1": "TYMS", "SOX2": "VIM", "SUMO1": "NRIP1", "CREM": "CCNA2", "FANCD2": "BRCA2", "BLM": "TP53", "BRD7": "E2F3", "NFYC": "CDKN1B", "SKP1": "CUL1", "ETV4": "VIM", "KRAS": "RAF1", "PPP1R13B": "TP53", "TBP": "NF1", "FANCM": "BLM", "IGF2BP1": "ACTB", "CUL1": "CDKN1B", "MYCN": "TP53INP1", "ERCC5": "PCNA", "E2F2": "EED", "NF1": "MYC", "CREB5": "STAT1", "MYBL2": "MYC", "ATM": "VEGFA", "NOTCH1": "SOX2", "FANCL": "FANCI", "TRIP11": "THRA", "XRCC6": "BAX", "CTCF": "MYC", "PLCG1": "CDKN1A", "SRSF1": "NFKB1", "SPI1": "ITGB2", "RPA2": "ATRIP", "EIF4E": "SMAD4", "CASP7": "AR", "BMI1": "CDKN2A", "ANP32A": "CASP9", "KAT2A": "SMAD7", "TFAP2A": "VEGFA", "E2F6": "APAF1", "PALB2": "POLH", "ING1": "CASP3", "YY1": "VEGFB", "FHL2": "CDKN1B", "HMGA2": "ATM", "DNMT3A": "TDG", "MCPH1": "BRCA1", "HSPD1": "BAX", "IRF9": "PML", "HELLS": "DNMT1", "RBL1": "TFDP1", "ASF1B": "CHAF1B", "CASP3": "TP73", "WWOX": "SMAD4", "KHSRP": "CDKN1A", "CCND2": "CDK6", "NRIP1": "ESR1"}