{"PLAUR": "ITGB3", "RABGGTA": "RAB3A", "EP300": "VEGFA", "ERO1A": "ERP44", "HMGN1": "KAT2B", "LATS2": "SNAI1", "HSP90AA1": "SRC", "TOPBP1": "POLA1", "TGFB1": "PIK3R1", "MLH1": "PMS2", "FADD": "RIPK1", "PPARG": "VLDLR", "RAD50": "BRCA1", "JUNB": "BCL2L1", "ATRIP": "BRCA1", "CASP10": "RIPK1", "AGT": "REN", "PTEN": "SHC1", "SIAH1": "CTNNB1", "RELA": "YY1", "PIDD1": "PRKDC", "SMAD3": "CCND2", "TNFRSF10A": "FADD", "MAPK9": "SHC1", "HMGA1": "CDC25A", "VHL": "TFRC", "WNT4": "LRP5", "BCL3": "EGFR", "JUND": "MYB", "TCF3": "CDK6", "PTTG1": "VEGFA", "POU2F1": "TWIST1", "FGFR3": "STAT1", "MAP3K5": "CDKN1A", "CDC20": "UBE2S", "NR1H2": "PPARG", "RUNX3": "WNT4", "CEBPA": "SPI1", "MAPK3": "EP300", "NR4A1": "CDKN1B", "HIPK2": "VIM", "PTPA": "AKT3", "VEGFB": "KDR", "MEF2D": "JUN", "DDX17": "ESR1", "TNFRSF10B": "RIPK1", "TCF12": "CDH1", "IRF2": "TAP1", "ATR": "SP1", "CREB1": "UXT", "SMAD2": "CREB1", "MDM2": "DNMT3A", "SOX9": "HES1", "E2F3": "AURKA", "MEF2C": "NR4A1", "ERN1": "MAPK8", "ITGB1": "CSK", "BIRC5": "CASP9", "TCF7L2": "HECA", "DDIT3": "SIRT1", "TP63": "VDR", "E2F7": "SP1", "BRCA1": "MAD2L1", "DNMT1": "VEGFA", "RB1": "EBNA1BP2", "VDR": "SKP2", "ZNF217": "CDH1", "BAD": "TP53", "SMAD4": "CREB1", "TP73": "PMAIP1", "GADD45A": "MAPK14", "CTNNB1": "FOXO4", "CRKL": "BCAR1", "ARNT": "FOS", "PRKAB1": "NOS3", "SFN": "SNAI1", "BID": "BCL2L1", "NR1H4": "VEGFA", "CFLAR": "FADD", "TWIST1": "NF1", "E2F4": "PLK1", "RAC1": "MAPK9", "RBL2": "RAD51", "BCL6": "FCER2", "MYC": "UBE2C", "DAXX": "TGFBR2", "PMAIP1": "BAX", "MYB": "TK1", "PCNA": "CDT1", "CDKN2A": "CDK6", "NFKB2": "HIF1A", "TP53INP1": "MAP1LC3A", "CEBPD": "SOD1", "CDK5R1": "LMTK2", "ATF2": "RELA", "RARB": "RXRG", "NCOA2": "NR3C1", "PTK2": "RAC1", "PDPK1": "ITGB1", "PMS2": "TP73", "PARP1": "XRCC1", "CAV1": "HMGA1", "MITF": "HIF1A", "KLF1": "FLI1", "EGLN3": "BCL2L11", "ZBTB16": "SOX9", "KAT2B": "CDKN1B", "SHC1": "FOXO3", "HNF4A": "LDLR", "PAX5": "TP53", "RUNX1": "VEGFA", "SMAD7": "MET", "STAT3": "NME1", "PPM1A": "BAD", "HSP90AB1": "APAF1", "PDK2": "AKT3", "TCF4": "VIM", "APAF1": "CASP9", "STAT1": "CFTR", "PPP1CA": "MDM2", "GATA4": "CCND2", "EGLN1": "HIF1A", "TGFBR2": "PIK3R1", "BRIP1": "BRCA1", "IFI16": "MYC", "SF1": "FUS", "FOXO1": "FABP4", "PTK7": "CTNNB1", "NR3C1": "CDKN1A", "ADAM9": "ITGA6", "CDK3": "LIN9", "BIRC3": "RIPK1", "SDC4": "RAC1", "STAT6": "FOS", "NFYA": "CDKN1B", "IRF7": "ATF4", "HIF1A": "ZNF217", "BAK1": "BAD", "AKT3": "BAD", "FGFR1": "AMOTL2", "LMTK2": "PPP1CA", "ATF3": "LDLR", "WRN": "POLD4", "ID2": "SNAI1", "NAB2": "RBL2", "BAX": "BAD", "ENO1": "MYC", "EGR1": "WNT4", "TDG": "CREBBP", "NR1H3": "PPARA", "DDB1": "E2F1", "CASP1": "AR", "MSH2": "BLM", "KMT5A": "TP53", "PIAS3": "MITF", "VEGFA": "EGFR", "PITX1": "RUNX2", "FUS": "MDM2", "NCOA1": "CDKN1A", "SIVA1": "BCL2L1", "SOD1": "EIF2AK3", "JUN": "NEFL", "XBP1": "HSPA5", "REN": "AGT", "XPO1": "SMAD4", "CCND3": "CDK6", "IL6ST": "SHC1", "EWSR1": "TGFBR2", "FGFR4": "STAT3", "RUNX2": "NOTCH1", "XPC": "SMARCA4", "CDKN1A": "FEN1", "FBXW7": "TP63", "TP53": "VEGFA", "UHRF1": "TOP2A", "FOS": "SRR", "ITGB3": "PTK2", "CD2AP": "ACTB", "SETD2": "STAT1", "ETS1": "TGFBR2", "PPARA": "FOXO1", "STAT5A": "BCL6", "EIF2AK3": "APAF1", "IRF4": "IRF3", "PML": "CASP3", "FOXO3": "FOXM1", "SMAD1": "SMAD4", "CEBPB": "XBP1", "CHUK": "TSC2", "TGFBR1": "SMAD1", "NR0B1": "NR1H4", "FLI1": "TGFBR2", "PRKDC": "MDM2", "ID3": "TCF3", "CRK": "MAPK8", "RECQL4": "FEN1", "EAPP": "CDKN2A", "CASP6": "HIPK2", "EZH2": "MST1", "BRCA2": "POLH", "ACTB": "CTTN", "MEF2A": "JUN", "FAS": "CASP8AP2", "GDF15": "ERBB2", "OS9": "EGLN3", "APEX1": "NFKB1", "PPP2R2A": "AKT1", "SNAI1": "VDR", "DDX5": "AR", "HRAS": "SDC2", "SKP2": "CDKN1B", "STAT2": "IRF9", "ID1": "AKT1", "STIM1": "TRPC1", "BNIP3": "BCL2", "FURIN": "INSR", "SP1": "KIF2C", "RASSF1": "CCND1", "COP1": "CEBPB", "APC": "ODC1", "MAPK8": "SHC1", "MIF": "SOD1", "KPNA2": "IRF3", "BCL2L1": "VDAC1", "DDB2": "BCL2", "HES1": "PTEN", "HINFP": "PRKDC", "BCAR1": "PIK3R1", "CDH1": "LRP6", "E2F1": "WWOX", "MAPK1": "E2F1", "MCL1": "BAK1", "NCOA3": "BCL2", "ATF4": "SIRT1", "FOXM1": "BMI1", "RIPK1": "FAS", "ARID3A": "PML", "FOXO4": "CREB1", "PSEN1": "CTNNB1", "TAF1": "AR", "NOS1": "HDAC2", "UBE2N": "PCNA", "SMARCA4": "FOS", "CREBBP": "IRF9", "ATF1": "SLC20A1", "HSPB1": "AR", "PPP2CA": "SP1", "SMAD6": "SMAD3", "MTA3": "SNAI1", "CDC25A": "RAF1", "MSH6": "BLM", "MAX": "ODC1", "TFAP4": "MDM2", "RYBP": "ABL1", "UIMC1": "MDM2", "PLK1": "TP73", "PPM1D": "ATM", "SIRT1": "XPC", "TFDP1": "TYMS", "SOX2": "VIM", "SUMO1": "NRIP1", "CREM": "CCNA2", "BCL2L11": "BAX", "FANCD2": "BRCA2", "BLM": "TP53", "BRD7": "E2F3", "NFYC": "CDKN1B", "TP53BP2": "TP53", "SKP1": "CUL1", "ETV4": "VIM", "KRAS": "RAF1", "PPP1R13B": "TP53", "TBP": "NF1", "FANCM": "BLM", "GTF2I": "SIRT1", "IGF2BP1": "ACTB", "CUL1": "CDKN1B", "MYCN": "TP53INP1", "ERCC5": "PCNA", "E2F2": "EED", "CTTN": "ACTB", "NF1": "MYC", "GSK3B": "CTTN", "CREB5": "STAT1", "MYBL2": "MYC", "CASP9": "VIM", "ATM": "VEGFA", "NOTCH1": "SOX2", "FANCL": "FANCI", "TRIP11": "THRA", "XRCC6": "BAX", "CTCF": "MYC", "PLCG1": "CDKN1A", "SRSF1": "NFKB1", "SPI1": "ITGB2", "RPA2": "ATRIP", "EIF4E": "SMAD4", "CASP7": "AR", "BMI1": "CDKN2A", "ANP32A": "CASP9", "KAT2A": "SMAD7", "TFAP2A": "VEGFA", "E2F6": "APAF1", "PALB2": "POLH", "ING1": "CASP3", "YY1": "VEGFB", "NFE2L2": "CFTR", "FHL2": "CDKN1B", "HMGA2": "CDH1", "DNMT3A": "TDG", "MCPH1": "BRCA1", "HSPD1": "BAX", "IRF9": "PML", "HELLS": "DNMT1", "RBL1": "TFDP1", "ASF1B": "CHAF1B", "CDKN1B": "CCND3", "CASP3": "TP73", "WWOX": "SMAD4", "KHSRP": "CDKN1A", "CCND2": "CDK6", "NRIP1": "ESR1", "NFKB1": "VEGFA", "PRKACA": "ITGB1"}