{"PLAUR": "ITGB3", "CASP8AP2": "NFKB1", "RABGGTA": "RAB3A", "PIM1": "CDKN1A", "ITGAV": "CSK", "EP300": "VEGFA", "ERO1A": "ERP44", "HMGN1": "KAT2B", "LATS2": "SNAI1", "HSP90AA1": "SRC", "TOPBP1": "POLA1", "PDGFRB": "GAB1", "KIT": "PIK3R1", "AP2M1": "EGFR", "CTNND1": "RAC1", "TGFB1": "PIK3R1", "REST": "TH", "ITGA5": "CSK", "MLH1": "PMS2", "FADD": "CASP8", "PPARG": "VLDLR", "FKBP5": "NR3C1", "RAF1": "MAP3K5", "RAD50": "BRCA1", "PDGFRA": "RASA1", "KRT18": "TRADD", "PTPN1": "KRT8", "NEDD4": "IGF1R", "JUNB": "CD82", "ATRIP": "BRCA1", "RIN1": "NRAS", "CASP10": "RIPK1", "STAT5B": "BCL6", "MAPK14": "RARA", "FYN": "PLD2", "SHC3": "GRB2", "PTEN": "SHC1", "LAT": "PLCG1", "SIAH1": "CTNNB1", "RELA": "YY1", "PIDD1": "CASP2", "SMAD3": "CCND2", "TNFRSF10A": "TRADD", "MAPK9": "NFATC4", "HMGA1": "CDC25A", "VHL": "TFRC", "WNT4": "LRP5", "BCL3": "EGFR", "JUND": "MYB", "TCF3": "POU5F1", "PTTG1": "ESPL1", "TSC2": "TSC1", "HSPB1": "UBE2N", "POU2F1": "TWIST1", "FGFR3": "PLCG1", "AR": "XIAP", "MAP3K5": "MAP2K3", "ERRFI1": "ERBB2", "CDC20": "UBE2S", "NR1H2": "PPARG", "RUNX3": "WNT4", "CEBPA": "SPI1", "MAPK3": "ZFP36", "NR4A1": "CDKN1B", "HIPK2": "VIM", "PTPA": "AKT3", "VEGFB": "KDR", "NCK2": "PAK1", "MEF2D": "JUN", "DDX17": "ESR1", "TNFRSF10B": "TRADD", "PRDX1": "DUSP1", "TCF12": "CDH1", "IRF2": "TAP1", "CDK4": "RBL1", "ATR": "SP1", "CREB1": "UXT", "SMAD2": "DAPK1", "MDM2": "DNMT3A", "CIITA": "COL1A1", "SOX9": "HES1", "E2F3": "AURKA", "ERBB4": "PIK3CG", "MEF2C": "NR4A1", "ERN1": "MAPK8", "BIRC5": "CASP9", "DDR1": "SHC1", "TCF7L2": "HECA", "DDIT3": "SIRT1", "ITGB1": "PTK2B", "TP63": "VDR", "E2F7": "SP1", "TNFRSF21": "TRADD", "INSR": "STAT5A", "BRCA1": "MAD2L1", "DNMT1": "VEGFA", "HDAC2": "PHB", "TNFRSF1A": "CASP8", "SLC9A1": "EZR", "RB1": "EBNA1BP2", "VDR": "TNFRSF21", "RET": "MAPK1", "ZNF217": "CDH1", "BAD": "TP53", "SMAD4": "DAPK1", "TP73": "PMAIP1", "KEAP1": "RAC1", "GADD45A": "MAPK14", "CTNNB1": "FOXO4", "FN1": "ITGA3", "PIK3CG": "RAC1", "RASA1": "CAV2", "CRKL": "GAB1", "ARNT": "FOS", "PRKAB1": "NOS3", "SFN": "SNAI1", "IGF1R": "PDPK1", "BID": "BCL2L1", "NR1H4": "VEGFA", "EGFR": "TRIP13", "CFLAR": "FADD", "TWIST1": "NF1", "GRB14": "INSR", "E2F4": "PLK1", "SORBS1": "CBL", "GAB1": "PLCG1", "RAC1": "MAPK9", "VAV2": "PLCG1", "RBL2": "RAD51", "BCL6": "NFKB1", "MYC": "UBE2C", "DAXX": "TGFBR2", "PMAIP1": "BAX", "MYB": "TK1", "PLCG2": "CDKN1A", "PCNA": "CDT1", "CDKN2A": "CDK2", "NFKB2": "RELB", "LCP2": "PLCG1", "TP53INP1": "MAP1LC3A", "CEBPD": "SOD1", "RXRG": "VDR", "CDK5R1": "LMTK2", "ATF2": "RELA", "RXRA": "CPT1B", "RARB": "RXRG", "SOS1": "NRAS", "NCOA2": "NR3C1", "SOCS6": "KIT", "PTK2": "RAC1", "PDPK1": "ITGB1", "PMS2": "TP73", "PARP1": "XRCC1", "CAV1": "HMGA1", "WEE1": "CDK2", "ESR1": "NME1", "KDR": "PTK2", "MITF": "HIF1A", "KLF1": "FLI1", "ARF6": "PLD1", "CSK": "KIT", "MUC1": "MAPK8", "PAK1": "BRAF", "THBS1": "SDC1", "EGLN3": "BCL2L11", "ZBTB16": "SOX9", "KAT2B": "CDKN1B", "SHC1": "FOXO3", "HNF4A": "LDLR", "PAX5": "TP53", "RUNX1": "VEGFA", "CALM1": "NRAS", "SMAD7": "MET", "STAT3": "NME1", "PPM1A": "BAD", "HSP90AB1": "APAF1", "PDK2": "AKT3", "TCF4": "VIM", "NRAS": "PIK3CG", "SOCS5": "EGFR", "APAF1": "CASP9", "SOS2": "HRAS", "CHEK1": "FANCL", "LYN": "PDGFRB", "STAT1": "CFTR", "PPP1CA": "MDM2", "GATA4": "CCND2", "EGLN1": "HIF1A", "TGFBR2": "PIK3R1", "BRIP1": "BRCA1", "IFI16": "MYC", "SF1": "FUS", "FOXO1": "FABP4", "NCK1": "SOS1", "PTK7": "CTNNB1", "NR3C1": "RPS6KA3", "ADAM9": "ITGA6", "CDK3": "LIN9", "BIRC3": "RIPK1", "SDC4": "RAC1", "LCK": "NFKBIA", "CCND1": "CDK4", "STAT6": "FOS", "EPHA2": "SHC1", "NFYA": "CDKN1B", "IRF7": "ATF4", "HIF1A": "ZNF217", "DUSP1": "FANCI", "EEF1A1": "PLCG1", "BAK1": "BAD", "AKT3": "HSPB1", "CBL": "CFLAR", "FGFR1": "AMOTL2", "TRADD": "FADD", "PLCG1": "CDKN1A", "LMTK2": "PPP1CA", "ATF3": "LDLR", "WRN": "POLD4", "FGFR2": "PLCG1", "ID2": "SNAI1", "FLT1": "PLCG1", "NAB2": "RBL2", "MET": "CTTN", "BAX": "BAD", "ENO1": "MYC", "EGR1": "WNT4", "PIK3R1": "RAC1", "PERP": "NFKB1", "TDG": "CREBBP", "ITGA3": "CSK", "NR1H3": "ABCA1", "DDB1": "E2F1", "CASP1": "AR", "MSH2": "BLM", "KMT5A": "TP53", "NRG1": "ERBB2", "PTPRA": "INSR", "CDH2": "CTNNB1", "PIAS3": "MUC1", "VEGFA": "EGFR", "PITX1": "RUNX2", "FUS": "MDM2", "NCOA1": "CDKN1A", "SIVA1": "BCL2L1", "SOD1": "EIF2AK3", "ITGB7": "CSK", "JUN": "NEFL", "GRB2": "WASF1", "HDAC3": "CREBBP", "IER3": "PPP2R5C", "XBP1": "HSPA5", "XPO1": "SMAD4", "NFE2L2": "CFTR", "CCND3": "CCNE1", "IL6ST": "JAK1", "EWSR1": "TGFBR2", "FGFR4": "STAT3", "GSTP1": "TRAF2", "RUNX2": "NOTCH1", "XPC": "SMARCA4", "CDKN1A": "FEN1", "FBXW7": "TP63", "TP53": "VEGFA", "PTPRD": "STAT3", "UHRF1": "TOP2A", "FOS": "SRR", "ITGB3": "CSK", "CD2AP": "ACTB", "SETD2": "STAT1", "ETS1": "TGFBR2", "GRB10": "PIK3R1", "PPARA": "NFKBIA", "TRAF2": "MAP3K5", "STAT5A": "BCL6", "ITGA4": "CSK", "EIF2AK3": "APAF1", "COL1A1": "DDR1", "CDK1": "RFC1", "IRF4": "IRF3", "NTRK2": "NCK2", "PML": "CASP3", "ERBB3": "PIK3CG", "FOXO3": "CDKN1B", "BCL2": "XRCC6", "CDK20": "CDK2", "SMAD1": "SMAD4", "CDK6": "PRDX1", "CEBPB": "XBP1", "CHUK": "NCOR2", "TGFBR1": "SMAD1", "LTBR": "TRAF2", "CASP2": "RIPK1", "NR0B1": "NR1H4", "FLI1": "TGFBR2", "PRKDC": "MDM2", "ID3": "TCF3", "CRK": "GAB1", "RECQL4": "FEN1", "EAPP": "CDKN2A", "CASP6": "HIPK2", "EZH2": "MST1", "TNFRSF1B": "TRAF2", "BRCA2": "POLH", "PTPRB": "MAPK1", "HDAC7": "CDKN1A", "ACTB": "CTTN", "CDK2": "RBBP8", "MEF2A": "JUN", "FAS": "CASP8AP2", "CALM2": "NRAS", "GDF15": "ERBB2", "ABL1": "PLK1", "AKT1": "TWIST1", "OS9": "EGLN3", "APEX1": "RELA", "AHR": "PCNA", "PPP2R2A": "RAF1", "SNAI1": "VDR", "CHEK2": "XRCC1", "HDAC1": "HSPA5", "DDX5": "AR", "HRAS": "SDC2", "SKP2": "CDKN1B", "STAT2": "IRF9", "ID1": "AKT1", "STIM1": "TRPC1", "BNIP3": "BCL2", "FURIN": "INSR", "SP1": "KIF2C", "RASSF1": "CCND1", "COP1": "CEBPB", "APC": "ODC1", "RAD51": "SP1", "MAPK8": "NFATC4", "HGS": "SMAD2", "MIF": "SOD1", "KPNA2": "IRF3", "ITGA6": "CSK", "CALM3": "RAC1", "PTPRF": "PLCG1", "HDAC6": "HSP90AA1", "BCL2L1": "VDAC1", "JAK1": "STAT3", "DDB2": "BCL2", "HES1": "PTEN", "HINFP": "PRKDC", "MAP2K1": "IRS1", "BCAR1": "PIK3R1", "NFKB1": "CTCF", "ERBB2": "CDK1", "CDH1": "LRP6", "E2F1": "WWOX", "MAPK1": "RARA", "SRC": "SDC2", "MCL1": "BAK1", "NCOA3": "BCL2", "ATF4": "SIRT1", "PSIP1": "HSPB1", "FOXM1": "BMI1", "RIPK1": "FAS", "ARID3A": "PML", "ARRB1": "PDE4D", "ITGB2": "CSK", "NFKBIB": "NFKB1", "MAPKAPK5": "TH", "ETV6": "CDKN1A", "MYLK": "CALD1", "RARA": "CDKN1A", "IKBKB": "BAD", "DAPK1": "MAPK6", "RPS6KA4": "RELA", "PTPRR": "PXN", "GTF2I": "SIRT1", "PTPN6": "STAT5A", "PPP1R9B": "ARHGEF2", "NCOR2": "PPARG", "MAP2K3": "MAPK14", "STK11": "PAK1", "DUSP16": "MAPK10", "RPS6KA5": "PLA2G4A", "CASP8": "PSEN1", "PRKACA": "ITGB1", "ETV3": "RELA", "NR4A2": "NR3C1", "CREBBP": "IRF9", "BCL2L11": "BAX", "CDKN1B": "CCND3", "CTTN": "ACTB", "NOXA1": "BCL2", "MAPK7": "MYC", "MAP2K4": "RXRA", "MAPKAPK2": "TSC2", "KHDRBS1": "CREBBP", "MAP3K2": "MAPK1", "NFKBIA": "NFKB1", "RPS6KA2": "NFATC4", "GSK3B": "RBM38", "EIF4EBP1": "RPTOR", "CAPN1": "PTPN6", "BMF": "BCL2", "TP53BP2": "TP53", "SP3": "RELA", "ZFP36": "HIF1A", "MAP2K5": "MAPK7", "POU5F1": "CDKN1A", "CASP9": "VIM", "PPP2R5C": "RPS6KB1", "GATA2": "AR", "RPS6KB1": "CAD", "MAPK6": "NCOA3", "RPS6KA3": "FOS", "BRAF": "MAP2K1", "PGR": "E2F1", "MAPK12": "MAPT", "RPS6KA1": "SLC9A1", "ROCK1": "MAPK8", "NCOA6": "FOS", "MAP2K7": "IRS1", "MAPK10": "NR3C1", "EIF2AK2": "NFKBIA", "CAPN2": "GSK3B", "CSNK2A1": "AMPH", "MKNK1": "PLA2G4A", "FOXO4": "CREB1", "PSEN1": "CTNNB1", "TAF1": "AR", "NOS1": "HDAC2", "UBE2N": "PCNA", "SMARCA4": "FOS", "ATF1": "SLC20A1", "PPP2CA": "SP1", "SMAD6": "SMAD3", "MTA3": "SNAI1", "CDC25A": "RAF1", "MSH6": "BLM", "MAX": "ODC1", "TFAP4": "MDM2", "RYBP": "ABL1", "CDK9": "NCOA2", "UIMC1": "MDM2", "PLK1": "TP73", "PPM1D": "ATM", "SIRT1": "XPC", "TFDP1": "TYMS", "SOX2": "VIM", "SUMO1": "NRIP1", "CREM": "DUSP1", "FANCD2": "BRCA2", "BLM": "TP53", "BRD7": "E2F3", "NFYC": "CDKN1B", "SKP1": "CUL1", "ETV4": "VIM", "KRAS": "RAF1", "PPP1R13B": "TP53", "TBP": "NF1", "FANCM": "BLM", "IGF2BP1": "ACTB", "CUL1": "CDKN1B", "MYCN": "TP53INP1", "ERCC5": "PCNA", "E2F2": "EED", "NF1": "MYC", "CREB5": "STAT1", "MYBL2": "MYC", "ATM": "VEGFA", "NOTCH1": "SOX2", "FANCL": "FANCI", "AURKA": "TP53", "TRIP11": "THRA", "XRCC6": "BAX", "CTCF": "MYC", "SRSF1": "NFKB1", "SPI1": "ITGB2", "RPA2": "ATRIP", "EIF4E": "SMAD4", "CASP7": "AR", "BMI1": "CDKN2A", "ANP32A": "CASP9", "KAT2A": "SMAD7", "TFAP2A": "VEGFA", "E2F6": "APAF1", "PALB2": "POLH", "ING1": "CASP3", "YY1": "VEGFB", "EPAS1": "VEGFA", "FHL2": "CDKN1B", "HMGA2": "CDH1", "DNMT3A": "TDG", "MCPH1": "BRCA1", "HSPD1": "BAX", "IRF9": "PML", "HELLS": "DNMT1", "RBL1": "TFDP1", "ASF1B": "CHAF1B", "CASP3": "TP73", "WWOX": "SMAD4", "KHSRP": "CDKN1A", "CCND2": "CDK6", "NRIP1": "ESR1"}