{"PLAUR": "ITGB3", "CASP8AP2": "NFKB1", "RABGGTA": "RAB3A", "EP300": "HINFP", "ERO1A": "ERP44", "HMGN1": "KAT2B", "LATS2": "SNAI1", "HSP90AA1": "NOS3", "TOPBP1": "POLA1", "PDGFRB": "SRC", "TGFB1": "PPP2R2A", "REST": "STAT1", "MLH1": "PMS2", "FADD": "RIPK1", "PPARG": "VLDLR", "PDGFRA": "SRC", "KRT18": "TRADD", "JUNB": "BCL2L1", "CASP10": "RIPK1", "AGT": "REN", "MAPK14": "RARA", "FYN": "SDC4", "PTEN": "PPM1A", "SIAH1": "CTNNB1", "RELA": "YY1", "PIDD1": "CASP2", "SMAD3": "VDR", "TNFRSF10A": "TRADD", "GATA3": "MUC1", "MAPK9": "TOB1", "HMGA1": "CDC25A", "VHL": "TFRC", "BCL3": "EGFR", "JUND": "MYB", "TCF3": "CDK6", "PTTG1": "VEGFA", "POU2F1": "TWIST1", "AR": "WEE1", "MAP3K5": "CDKN1A", "CDC20": "UBE2S", "NR1H2": "PPARG", "RUNX3": "WNT4", "MAPK3": "NUP50", "NR4A1": "NR4A2", "HIPK2": "VIM", "PTPA": "AKT3", "MEF2D": "ATF3", "DDX17": "ESR1", "TNFRSF10B": "TRADD", "TCF12": "CDH1", "IRF2": "TAP1", "CDK4": "MEF2A", "ATR": "MCM4", "CREB1": "UXT", "SMAD2": "MEF2A", "MDM2": "DNMT3A", "CIITA": "COL1A1", "SOX9": "HES1", "E2F3": "AURKA", "MEF2C": "CPT1B", "ERN1": "MAPK8", "DDR1": "SHC1", "TCF7L2": "HECA", "DDIT3": "SIRT1", "ITGB1": "CSK", "TP63": "VDR", "E2F7": "SP1", "TNFRSF21": "TRADD", "BRCA1": "MAD2L1", "DNMT1": "VEGFA", "HDAC2": "PHB", "TNFRSF1A": "CASP8", "RB1": "EBNA1BP2", "VDR": "TNFRSF21", "ZNF217": "CDH1", "SMAD4": "MEF2A", "TP73": "PMAIP1", "CTNNB1": "FOXO4", "PRKAB1": "NOS3", "SFN": "SNAI1", "CFLAR": "FADD", "TWIST1": "NF1", "E2F4": "CDT1", "RBL2": "RAD51", "BCL6": "NFKB1", "MYC": "UBE2C", "PMAIP1": "MCL1", "MYB": "TK1", "PCNA": "RFC1", "TP53INP1": "MAP1LC3A", "CEBPD": "SOD1", "RXRG": "VDR", "ATF2": "PCK1", "RXRA": "CPT1B", "PTK2": "EPHA2", "PDPK1": "ITGB1", "PMS2": "TP73", "PARP1": "XRCC1", "CAV1": "HMGA1", "ESR1": "NME1", "KDR": "PLCG1", "KLF1": "FLI1", "MUC1": "MAPK8", "KAT2B": "NOTCH1", "HNF4A": "LDLR", "PAX5": "TP53", "RUNX1": "IER3", "SMAD7": "MET", "STAT3": "NME1", "PPM1A": "BAD", "HSP90AB1": "NOS3", "PDK2": "AKT3", "TCF4": "VIM", "CHEK1": "FANCL", "STAT1": "CFTR", "PPP1CA": "MDM2", "GATA4": "CCND2", "BRIP1": "BRCA1", "IFI16": "MYC", "SF1": "FUS", "FOXO1": "FABP4", "PTK7": "CTNNB1", "NR3C1": "RPS6KA3", "ADAM9": "ITGA6", "CDK3": "LIN9", "BIRC3": "RIPK1", "SDC4": "RAC1", "LCK": "RAF1", "STAT6": "COL1A1", "EPHA2": "SHC1", "NFYA": "CDKN1B", "IRF7": "ATF4", "HIF1A": "ZNF217", "BAK1": "VDAC1", "AKT3": "BAD", "FGFR1": "AMOTL2", "TRADD": "RIPK1", "LMTK2": "PPP1CA", "ATF3": "LDLR", "WRN": "POLD4", "ID2": "SNAI1", "NAB2": "RBL2", "MET": "CTTN", "ENO1": "MYC", "EGR1": "WNT4", "PERP": "NFKB1", "TDG": "CREBBP", "DDB1": "E2F1", "CASP1": "AR", "MSH2": "BLM", "KMT5A": "TP53", "PIAS3": "MUC1", "VEGFA": "NRP1", "PITX1": "RUNX2", "FUS": "MDM2", "SIVA1": "BCL2L1", "SOD1": "EIF2AK3", "JUN": "NEFL", "HDAC3": "CREBBP", "IER3": "PPP2R5C", "XBP1": "HSPA5", "REN": "AGT", "NFE2L2": "CFTR", "EWSR1": "TGFBR2", "RUNX2": "NOTCH1", "XPC": "SMARCA4", "CDKN1A": "FEN1", "FBXW7": "TP63", "TP53": "UHRF1BP1", "UHRF1": "TOP2A", "FOS": "SRR", "ITGB3": "PTK2", "CD2AP": "ACTB", "SETD2": "STAT1", "ETS1": "NDRG1", "PPARA": "NFKBIA", "STAT5A": "BCL6", "EIF2AK3": "APAF1", "COL1A1": "DDR1", "CDK1": "NFAT5", "IRF4": "IRF3", "PML": "NR4A1", "ERBB3": "PIK3R1", "FOXO3": "FOXM1", "BCL2": "XRCC6", "CDK20": "CDK2", "SMAD1": "SMAD4", "CDK6": "PRDX1", "CEBPB": "XBP1", "CHUK": "NCOR2", "TGFBR1": "SMAD1", "CASP2": "RIPK1", "NR0B1": "NR4A1", "FLI1": "TGFBR2", "PRKDC": "IRF3", "ID3": "TCF3", "RECQL4": "FEN1", "EAPP": "CDKN2A", "CASP6": "HIPK2", "EZH2": "MST1", "BRCA2": "POLH", "ACTB": "CTTN", "CDK2": "RBBP8", "FAS": "CASP8AP2", "GDF15": "ERBB2", "ABL1": "CTTN", "AKT1": "UBE2S", "OS9": "EGLN3", "APEX1": "RELA", "AHR": "PCNA", "PPP2R2A": "WEE1", "SNAI1": "VDR", "CHEK2": "XRCC1", "HDAC1": "HSPA5", "DDX5": "AR", "HRAS": "SDC2", "ID1": "AKT1", "STIM1": "TRPC1", "BNIP3": "BCL2", "SP1": "KIF2C", "RASSF1": "CDC20", "COP1": "CEBPB", "APC": "ODC1", "MAPK8": "BMF", "MIF": "SOD1", "KPNA2": "IRF3", "HDAC6": "HSP90AA1", "DDB2": "XPC", "HINFP": "PRKDC", "BCAR1": "SMAD3", "NFKB1": "CFTR", "CDH1": "ITGB7", "E2F1": "WWOX", "MAPK1": "MYLK", "SRC": "SDC2", "MCL1": "BAK1", "ATF4": "SIRT1", "PSIP1": "CRYAB", "FOXM1": "BMI1", "RIPK1": "FAS", "ARID3A": "PML", "MAPKAPK5": "TH", "ETV6": "CDKN1A", "MYLK": "CALD1", "RARA": "NR4A1", "DAPK1": "MAPK6", "PTPRR": "PXN", "GTF2I": "SIRT1", "PTPN6": "STAT5A", "PPP1R9B": "ARHGEF2", "NCOR2": "PGR", "STK11": "PAK1", "RPS6KA5": "H3-3B", "CASP8": "PSEN1", "PRKACA": "CSK", "ETV3": "RELA", "NR4A2": "NR3C1", "CREBBP": "WRN", "BCL2L11": "MCL1", "CTTN": "ACTB", "NOXA1": "BCL2", "MAPK7": "PML", "MAPKAPK2": "TSC2", "KHDRBS1": "CREBBP", "RPS6KA2": "NFKBIA", "GSK3B": "RBM38", "CAPN1": "PTPN6", "BMF": "BCL2", "PAK1": "BCL6", "TP53BP2": "TP53", "SP3": "RELA", "CASP9": "VIM", "PPP2R5C": "RPS6KB1", "MAP2K1": "CASP9", "GATA2": "PPARG", "RPS6KB1": "CAD", "MAPK6": "NCOA3", "RPS6KA3": "EIF2AK2", "PGR": "BCL2", "RPS6KA1": "SLC9A1", "ROCK1": "MYLK", "NCOA6": "FOS", "MAP2K7": "FADD", "EIF2AK2": "CDK1", "CAPN2": "GSK3B", "ARRB1": "PDE4D", "CSNK2A1": "AMPH", "PSEN1": "CTNNB1", "TAF1": "AR", "NOS1": "HDAC2", "UBE2N": "PCNA", "SMARCA4": "FOS", "ATF1": "SLC20A1", "HSPB1": "AR", "PPP2CA": "SP1", "SMAD6": "SMAD3", "MTA3": "SNAI1", "MSH6": "BLM", "MAX": "ODC1", "TFAP4": "MDM2", "RYBP": "ABL1", "CDK9": "NCOA2", "UIMC1": "MDM2", "PLK1": "TP73", "PPM1D": "ATM", "SIRT1": "XPC", "TFDP1": "NRIP1", "SUMO1": "NRIP1", "CREM": "CCNA2", "FANCD2": "BRCA2", "BLM": "TP53", "BRD7": "E2F3", "NFYC": "CDKN1B", "ETV4": "VIM", "TBP": "NF1", "FANCM": "BLM", "IGF2BP1": "ACTB", "MYCN": "TP53INP1", "ERCC5": "PCNA", "E2F2": "EED", "NF1": "MYC", "CREB5": "STAT1", "MYBL2": "MYC", "ATM": "VEGFA", "FANCL": "FANCI", "AURKA": "TP53", "TRIP11": "THRA", "XRCC6": "BAX", "CTCF": "MYC", "SRSF1": "NFKB1", "EIF4E": "SMAD4", "CASP7": "PARP1", "BMI1": "CDKN2A", "ANP32A": "CASP9", "KAT2A": "SMAD7", "TFAP2A": "VEGFA", "E2F6": "APAF1", "PALB2": "POLH", "ING1": "CASP3", "YY1": "VEGFB", "FHL2": "CDKN1B", "HMGA2": "CDH1", "DNMT3A": "TDG", "MCPH1": "BRCA1", "HSPD1": "BAX", "IRF9": "PML", "HELLS": "DNMT1", "RBL1": "BRCA1", "ASF1B": "CHAF1B", "CASP3": "EIF4G1", "WWOX": "SMAD4", "KHSRP": "CDKN1A"}